diffusion_coeff,seed,T_warmup,T_stat,B,P_min,P_max,KL_R_M_corr,KL_S_M_corr,KL_Mk_M_corr,KL_R_M_naive,KL_S_M_naive,KL_Mk_M_naive,delta_sigma_R_corr,delta_sigma_Mk_corr,delta_sigma_R_naive,delta_sigma_Mk_naive,Delta_kappa_corr,Delta_kappa_naive,K_R_nonempty,K_S_nonempty,K_M_nonempty,K_Mk_nonempty,laplace_bins_R,laplace_bins_S,laplace_bins_Mk,clip_events_R,clip_events_S,clip_events_M,clip_events_Mk
0.005000000000,4000,5000,50000,64,0.000000000000,1.000000000000,0.046443389815,0.062677873768,0.455622080953,0.046441671065,0.062677873768,0.455622080959,-0.016234483953,0.392944207186,-0.016236202703,0.392944207192,0.409178691139,0.409180409895,50,61,61,63,0,0,2,0,0,0,0
0.005000000000,4001,5000,50000,64,0.000000000000,1.000000000000,0.098412488488,0.181813890345,0.564026005907,0.098409988488,0.181813890359,0.564026005928,-0.083401401857,0.382212115562,-0.083403901872,0.382212115568,0.465613517419,0.465616017440,40,61,56,63,0,5,7,0,0,0,0
0.005000000000,4002,5000,50000,64,0.000000000000,1.000000000000,0.066480004081,0.575810451982,0.741929254001,0.066477504081,0.575810452007,0.741929254025,-0.509330447901,0.166118802019,-0.509332947925,0.166118802019,0.675449249920,0.675451749944,39,63,55,63,0,8,8,0,0,0,0
0.005000000000,4003,5000,50000,64,0.000000000000,1.000000000000,0.106272045508,0.107368644427,0.282318582670,0.106269389258,0.107368644442,0.282318582688,-0.001096598919,0.174949938243,-0.001099255184,0.174949938246,0.176046537162,0.176049193430,40,62,57,63,0,5,6,0,0,0,0
0.005000000000,4004,5000,50000,64,0.000000000000,1.000000000000,0.114606841184,0.233956037725,0.382173549136,0.114604184934,0.233956037742,0.382173549160,-0.119349196540,0.148217511411,-0.119351852808,0.148217511418,0.267566707952,0.267569364226,38,61,55,63,0,6,8,0,0,0,0
0.005000000000,4005,5000,50000,64,0.000000000000,1.000000000000,0.042636040220,0.074416732836,0.335827491381,0.042634165220,0.074416732842,0.335827491387,-0.031780692616,0.261410758545,-0.031782567622,0.261410758545,0.293191451161,0.293193326167,47,61,59,61,0,2,2,0,0,0,0
0.005000000000,4006,5000,50000,64,0.000000000000,1.000000000000,0.210814925947,0.144853617680,0.520115745512,0.210812269697,0.144853617692,0.520115745529,0.065961308266,0.375262127831,0.065958652005,0.375262127838,0.309300819565,0.309303475833,39,60,56,62,0,4,6,0,0,0,0
0.005000000000,4007,5000,50000,64,0.000000000000,1.000000000000,0.060112414955,0.199402966083,0.554989681262,0.060110383705,0.199402966101,0.554989681280,-0.139290551128,0.355586715179,-0.139292582396,0.355586715179,0.494877266307,0.494879297575,44,63,57,63,0,6,6,0,0,0,0
0.005000000000,4008,5000,50000,64,0.000000000000,1.000000000000,0.122200843060,0.117066172311,0.619961010941,0.122198343060,0.117066172314,0.619961010949,0.005134670749,0.502894838629,0.005132170746,0.502894838635,0.497760167881,0.497762667889,42,59,58,61,0,1,3,0,0,0,0
0.005000000000,4009,5000,50000,64,0.000000000000,1.000000000000,0.084234173689,0.821090766224,0.886945271512,0.084231986189,0.821090766260,0.886945271552,-0.736856592535,0.065854505288,-0.736858780071,0.065854505292,0.802711097823,0.802713285362,36,62,50,63,0,12,13,0,0,0,0
0.005000000000,4010,5000,50000,64,0.000000000000,1.000000000000,0.164867167754,0.619929084325,0.749533360534,0.164864355254,0.619929084337,0.749533360553,-0.455061916572,0.129604276209,-0.455064729083,0.129604276216,0.584666192781,0.584669005299,39,61,57,63,0,4,6,0,0,0,0
0.005000000000,4011,5000,50000,64,0.000000000000,1.000000000000,0.146393109864,0.592317169648,0.745899707075,0.146390297364,0.592317169675,0.745899707108,-0.445924059785,0.153582537427,-0.445926872311,0.153582537433,0.599506597211,0.599509409744,34,61,52,63,0,9,11,0,0,0,0
0.005000000000,4012,5000,50000,64,0.000000000000,1.000000000000,0.079466107529,0.124679517874,0.610197536756,0.079464232529,0.124679517879,0.610197536765,-0.045213410345,0.485518018882,-0.045215285351,0.485518018886,0.530731429227,0.530733304236,47,61,59,62,0,2,3,0,0,0,0
0.005000000000,4013,5000,50000,64,0.000000000000,1.000000000000,0.178023401814,0.298144515947,0.696933279449,0.178020589314,0.298144515968,0.696933279473,-0.120121114133,0.398788763502,-0.120123926654,0.398788763505,0.518909877635,0.518912690159,37,62,55,63,0,7,8,0,0,0,0
0.005000000000,4014,5000,50000,64,0.000000000000,1.000000000000,0.125532153000,0.712235326605,0.802047712616,0.125529496750,0.712235326635,0.802047712653,-0.586703173605,0.089812386011,-0.586705829885,0.089812386018,0.676515559617,0.676518215903,35,62,52,64,0,10,12,0,0,0,0
0.005000000000,4015,5000,50000,64,0.000000000000,1.000000000000,0.087624263534,0.220323402071,0.796709995873,0.087622388534,0.220323245821,0.796709995876,-0.132699138537,0.576386593801,-0.132700857287,0.576386750054,0.709085732339,0.709087607342,48,59,60,61,0,0,1,0,0,0,0
0.005000000000,4016,5000,50000,64,0.000000000000,1.000000000000,0.143840949245,0.627273047266,0.823471901071,0.143838605495,0.627273047305,0.823471901114,-0.483432098021,0.196198853805,-0.483434441809,0.196198853809,0.679630951826,0.679633295618,34,62,49,63,0,13,14,0,0,0,0
0.005000000000,4017,5000,50000,64,0.000000000000,1.000000000000,0.148836884146,0.645915581285,1.073014538171,0.148834540396,0.645915581309,1.073014538201,-0.497078697139,0.427098956886,-0.497081040913,0.427098956893,0.924177654025,0.924179997806,39,62,54,64,0,8,10,0,0,0,0
0.005000000000,4018,5000,50000,64,0.000000000000,1.000000000000,0.099642524520,0.241718657240,0.612768547832,0.099640337020,0.241718657252,0.612768547850,-0.142076132720,0.371049890592,-0.142078320232,0.371049890599,0.513126023312,0.513128210831,43,61,57,63,0,4,6,0,0,0,0
0.005000000000,4019,5000,50000,64,0.000000000000,1.000000000000,0.079870152659,0.166509036119,0.551178579963,0.079867965159,0.166509036146,0.551178579994,-0.086638883460,0.384669543844,-0.086641070987,0.384669543848,0.471308427304,0.471310614835,40,63,54,64,0,9,10,0,0,0,0
0.005000000000,4020,5000,50000,64,0.000000000000,1.000000000000,0.122146252496,0.399088482163,1.177818669809,0.122144064996,0.399088482180,1.177818669833,-0.276942229667,0.778730187647,-0.276944417184,0.778730187653,1.055672417313,1.055674604837,40,60,54,62,0,6,8,0,0,0,0
0.005000000000,4021,5000,50000,64,0.000000000000,1.000000000000,0.090191432526,0.287755241244,0.814241830963,0.090188932526,0.287755241252,0.814241830978,-0.197563808717,0.526486589719,-0.197566308726,0.526486589725,0.724050398436,0.724052898452,42,61,58,63,0,3,5,0,0,0,0
0.005000000000,4022,5000,50000,64,0.000000000000,1.000000000000,0.088557742873,0.360398947481,0.687581857564,0.088555399123,0.360398947496,0.687581857582,-0.271841204607,0.327182910083,-0.271843548372,0.327182910086,0.599024114690,0.599026458458,42,62,57,63,0,5,6,0,0,0,0
0.005000000000,4023,5000,50000,64,0.000000000000,1.000000000000,0.079643951035,0.128600271735,0.434712829663,0.079641451035,0.128600271744,0.434712829671,-0.048956320699,0.306112557928,-0.048958820708,0.306112557928,0.355068878627,0.355071378636,41,60,57,60,0,3,3,0,0,0,0
0.005000000000,4024,5000,50000,64,0.000000000000,1.000000000000,0.179509543531,0.234314834520,0.670454799126,0.179507043531,0.234314834523,0.670454799138,-0.054805290989,0.436139964606,-0.054807790992,0.436139964615,0.490945255595,0.490947755607,41,58,57,61,0,1,4,0,0,0,0
0.005000000000,4025,5000,50000,64,0.000000000000,1.000000000000,0.084444911038,0.154688602820,0.409106316199,0.084442254788,0.154688602831,0.409106316211,-0.070243691782,0.254417713380,-0.070246348043,0.254417713380,0.324661405162,0.324664061423,38,59,55,59,0,4,4,0,0,0,0
0.005000000000,4026,5000,50000,64,0.000000000000,1.000000000000,0.219354514095,0.380050202024,0.917180166752,0.219351545345,0.380050202033,0.917180166764,-0.160695687929,0.537129964728,-0.160698656688,0.537129964731,0.697825652657,0.697828621419,39,61,58,62,0,3,4,0,0,0,0
0.005000000000,4027,5000,50000,64,0.000000000000,1.000000000000,0.135612586958,0.339841556242,0.751100043332,0.135610399458,0.339841556257,0.751100043353,-0.204228969285,0.411258487089,-0.204231156800,0.411258487096,0.615487456374,0.615489643896,43,62,57,64,0,5,7,0,0,0,0
0.005000000000,4028,5000,50000,64,0.000000000000,1.000000000000,0.175632210667,0.327056778934,0.731183363872,0.175629866917,0.327056778952,0.731183363896,-0.151424568268,0.404126584938,-0.151426912035,0.404126584944,0.555551153205,0.555553496979,39,60,54,62,0,6,8,0,0,0,0
0.005000000000,4029,5000,50000,64,0.000000000000,1.000000000000,0.070161298021,0.293605832172,0.718419734252,0.070159266771,0.293605832189,0.718419734277,-0.223444534151,0.424813902081,-0.223446565419,0.424813902087,0.648258436232,0.648260467506,42,61,55,63,0,6,8,0,0,0,0
0.020000000000,4000,5000,50000,64,0.000000000000,1.000000000000,0.053233434320,0.053872971664,0.436854347302,0.053231871820,0.053872971667,0.436854347311,-0.000639537344,0.382981375638,-0.000641099847,0.382981375644,0.383620912982,0.383622475491,47,58,57,60,0,1,3,0,0,0,0
0.020000000000,4001,5000,50000,64,0.000000000000,1.000000000000,0.105044001013,0.163504303514,0.503522458940,0.105041501013,0.163504303526,0.503522458954,-0.058460302501,0.340018155426,-0.058462802513,0.340018155429,0.398478457927,0.398480957941,39,59,55,60,0,4,5,0,0,0,0
0.020000000000,4002,5000,50000,64,0.000000000000,1.000000000000,0.075281113380,0.524288293785,0.713691254036,0.075278457130,0.524288293802,0.713691254054,-0.449007180404,0.189402960252,-0.449009836672,0.189402960252,0.638410140656,0.638412796924,38,61,55,61,0,6,6,0,0,0,0
0.020000000000,4003,5000,50000,64,0.000000000000,1.000000000000,0.124647614843,0.109133501677,0.167602229309,0.124644802343,0.109133501686,0.167602229318,0.015514113166,0.058468727632,0.015511300657,0.058468727632,0.042954614466,0.042957426975,39,60,57,60,0,3,3,0,0,0,0
0.020000000000,4004,5000,50000,64,0.000000000000,1.000000000000,0.115912367520,0.246916329563,0.509911650023,0.115909711270,0.246916329577,0.509911650040,-0.131003962043,0.262995320460,-0.131006618307,0.262995320463,0.393999282503,0.394001938771,37,59,54,60,0,5,6,0,0,0,0
0.020000000000,4005,5000,50000,64,0.000000000000,1.000000000000,0.049019474585,0.069880933083,0.365771314339,0.049017755835,0.069880933089,0.365771314347,-0.020861458498,0.295890381255,-0.020863177254,0.295890381258,0.316751839754,0.316753558512,44,57,55,58,0,2,3,0,0,0,0
0.020000000000,4006,5000,50000,64,0.000000000000,1.000000000000,0.213696237027,0.131768217879,0.533749290702,0.213693268277,0.131768217890,0.533749290720,0.081928019148,0.401981072823,0.081925050387,0.401981072830,0.320053053675,0.320056022443,36,59,55,61,0,4,6,0,0,0,0
0.020000000000,4007,5000,50000,64,0.000000000000,1.000000000000,0.065258033645,0.182293112799,0.551532392912,0.065256002395,0.182293112810,0.551532392930,-0.117035079153,0.369239280113,-0.117037110415,0.369239280120,0.486274359267,0.486276390534,43,60,56,62,0,4,6,0,0,0,0
0.020000000000,4008,5000,50000,64,0.000000000000,1.000000000000,0.127430849390,0.118163868716,0.557031654559,0.127428505640,0.118163868721,0.557031654571,0.009266980675,0.438867785844,0.009264636919,0.438867785850,0.429600805169,0.429603148931,41,58,56,60,0,2,4,0,0,0,0
0.020000000000,4009,5000,50000,64,0.000000000000,1.000000000000,0.091014321331,0.813065345661,0.939417991169,0.091011977581,0.813065345690,0.939417991208,-0.722051024331,0.126352645507,-0.722053368109,0.126352645518,0.848403669838,0.848406013627,35,60,50,63,0,10,13,0,0,0,0
0.020000000000,4010,5000,50000,64,0.000000000000,1.000000000000,0.163703024498,0.705897636022,0.838829151401,0.163700680748,0.705897636040,0.838829151422,-0.542194611525,0.132931515379,-0.542196955292,0.132931515382,0.675126126903,0.675128470674,39,60,54,61,0,6,7,0,0,0,0
0.020000000000,4011,5000,50000,64,0.000000000000,1.000000000000,0.147663796785,0.608782395111,0.737990709614,0.147660984285,0.608782395137,0.737990709639,-0.461118598327,0.129208314502,-0.461121410853,0.129208314502,0.590326912829,0.590329725355,33,60,51,60,0,9,9,0,0,0,0
0.020000000000,4012,5000,50000,64,0.000000000000,1.000000000000,0.080835319198,0.121039949007,0.585874270944,0.080833600448,0.121039949010,0.585874270956,-0.040204629810,0.464834321937,-0.040206348562,0.464834321946,0.505038951746,0.505040670508,46,58,57,61,0,1,4,0,0,0,0
0.020000000000,4013,5000,50000,64,0.000000000000,1.000000000000,0.182455804850,0.294336215470,0.565395230752,0.182453148600,0.294336215487,0.565395230776,-0.111880410619,0.271059015283,-0.111883066886,0.271059015289,0.382939425902,0.382942082176,37,60,54,62,0,6,8,0,0,0,0
0.020000000000,4014,5000,50000,64,0.000000000000,1.000000000000,0.133297360544,0.753341968743,0.814331125608,0.133295016794,0.753341968775,0.814331125643,-0.620044608199,0.060989156865,-0.620046951981,0.060989156869,0.681033765064,0.681036108850,35,61,50,62,0,11,12,0,0,0,0
0.020000000000,4015,5000,50000,64,0.000000000000,1.000000000000,0.091684856901,0.242269752918,0.742114726237,0.091683294401,0.242269752930,0.742114726252,-0.150584896017,0.499844973319,-0.150586458529,0.499844973322,0.650429869336,0.650431431851,46,60,56,61,0,4,5,0,0,0,0
0.020000000000,4016,5000,50000,64,0.000000000000,1.000000000000,0.145848628524,0.638241910729,0.811370501279,0.145846441024,0.638241910770,0.811370501320,-0.492393282205,0.173128590550,-0.492395469746,0.173128590550,0.665521872755,0.665524060296,33,61,47,61,0,14,14,0,0,0,0
0.020000000000,4017,5000,50000,64,0.000000000000,1.000000000000,0.152398754834,0.667813353651,1.062065595906,0.152396411084,0.667813353672,1.062065595933,-0.515414598818,0.394252242254,-0.515416942588,0.394252242261,0.909666841072,0.909669184849,39,61,54,63,0,7,9,0,0,0,0
0.020000000000,4018,5000,50000,64,0.000000000000,1.000000000000,0.107570092856,0.243505528742,0.590069023419,0.107568217856,0.243505528760,0.590069023439,-0.135935435887,0.346563494676,-0.135937310904,0.346563494679,0.482498930563,0.482500805584,42,60,54,61,0,6,7,0,0,0,0
0.020000000000,4019,5000,50000,64,0.000000000000,1.000000000000,0.088084445050,0.149746072004,0.418106561696,0.088081945050,0.149746072019,0.418106561714,-0.061661626954,0.268360489692,-0.061664126969,0.268360489695,0.330022116646,0.330024616663,39,60,55,61,0,5,6,0,0,0,0
0.020000000000,4020,5000,50000,64,0.000000000000,1.000000000000,0.127380324642,0.360758099867,0.955434473142,0.127378137142,0.360758099884,0.955434473165,-0.233377775224,0.594676373275,-0.233379962741,0.594676373282,0.828054148500,0.828056336023,39,59,53,61,0,6,8,0,0,0,0
0.020000000000,4021,5000,50000,64,0.000000000000,1.000000000000,0.090119580358,0.284395156748,0.829023955999,0.090117080358,0.284395156756,0.829023956014,-0.194275576390,0.544628799252,-0.194278076398,0.544628799258,0.738904375641,0.738906875656,40,59,56,61,0,3,5,0,0,0,0
0.020000000000,4022,5000,50000,64,0.000000000000,1.000000000000,0.099360500094,0.382228152877,0.776185968255,0.099358312594,0.382228152894,0.776185968279,-0.282867652783,0.393957815378,-0.282869840300,0.393957815384,0.676825468161,0.676827655684,40,60,54,62,0,6,8,0,0,0,0
0.020000000000,4023,5000,50000,64,0.000000000000,1.000000000000,0.086550291281,0.127327530364,0.494333718039,0.086547947531,0.127327530375,0.494333718056,-0.040777239083,0.367006187674,-0.040779582844,0.367006187681,0.407783426757,0.407785770525,39,58,54,60,0,4,6,0,0,0,0
0.020000000000,4024,5000,50000,64,0.000000000000,1.000000000000,0.188690974828,0.244554304173,0.672593514089,0.188688318578,0.244554304182,0.672593514103,-0.055863329345,0.428039209915,-0.055865985604,0.428039209921,0.483902539260,0.483905195525,39,59,56,61,0,3,5,0,0,0,0
0.020000000000,4025,5000,50000,64,0.000000000000,1.000000000000,0.090698831473,0.143863925037,0.430512750641,0.090696487723,0.143863925048,0.430512750649,-0.053165093564,0.286648825604,-0.053167437325,0.286648825601,0.339813919168,0.339816262926,39,58,54,57,0,4,3,0,0,0,0
0.020000000000,4026,5000,50000,64,0.000000000000,1.000000000000,0.216162516908,0.384061306032,0.954384065581,0.216160173158,0.384061306049,0.954384065604,-0.167898789124,0.570322759549,-0.167901132891,0.570322759555,0.738221548673,0.738223892447,39,60,54,62,0,6,8,0,0,0,0
0.020000000000,4027,5000,50000,64,0.000000000000,1.000000000000,0.135736975095,0.369100514050,0.914386307480,0.135734943845,0.369100514068,0.914386307501,-0.233363538955,0.545285793430,-0.233365570223,0.545285793433,0.778649332385,0.778651363655,42,61,55,62,0,6,7,0,0,0,0
0.020000000000,4028,5000,50000,64,0.000000000000,1.000000000000,0.190691933929,0.347720812114,0.819067835174,0.190689746429,0.347720812131,0.819067835197,-0.157028878184,0.471347023060,-0.157031065701,0.471347023067,0.628375901245,0.628378088768,39,59,53,61,0,6,8,0,0,0,0
0.020000000000,4029,5000,50000,64,0.000000000000,1.000000000000,0.072429322627,0.266078476201,0.739081793985,0.072427291377,0.266078476215,0.739081794002,-0.193649153573,0.473003317784,-0.193651184838,0.473003317787,0.666652471357,0.666654502625,42,60,55,61,0,5,6,0,0,0,0
0.040000000000,4000,5000,50000,64,0.000000000000,1.000000000000,0.061235827385,0.048428682007,0.457813171165,0.061234264885,0.048428682010,0.457813171174,0.012807145378,0.409384489158,0.012805582875,0.409384489164,0.396577343780,0.396578906288,44,55,54,57,0,1,3,0,0,0,0
0.040000000000,4001,5000,50000,64,0.000000000000,1.000000000000,0.109919431197,0.183222922200,0.583132075389,0.109917087447,0.183222922208,0.583132075406,-0.073303491003,0.399909153189,-0.073305834761,0.399909153198,0.473212644192,0.473214987959,38,56,53,59,0,3,6,0,0,0,0
0.040000000000,4002,5000,50000,64,0.000000000000,1.000000000000,0.082338222150,0.545043561642,0.698963246585,0.082335878400,0.545043561662,0.698963246608,-0.462705339492,0.153919684943,-0.462707683262,0.153919684946,0.616625024435,0.616627368208,37,59,52,60,0,7,8,0,0,0,0
0.040000000000,4003,5000,50000,64,0.000000000000,1.000000000000,0.145102785839,0.115054044321,0.110073304313,0.145100129589,0.115054044332,0.110072991813,0.030048741518,-0.004980740007,0.030046085257,-0.004981052519,-0.035029481525,-0.035027137775,38,59,55,53,0,4,0,0,0,0,0
0.040000000000,4004,5000,50000,64,0.000000000000,1.000000000000,0.116031475247,0.273799321754,0.579500720217,0.116028975247,0.273799321765,0.579500720237,-0.157767846507,0.305701398463,-0.157770346518,0.305701398472,0.463469244970,0.463471744990,37,57,53,60,0,4,7,0,0,0,0
0.040000000000,4005,5000,50000,64,0.000000000000,1.000000000000,0.057645438665,0.070882109576,0.436646824202,0.057643563665,0.070882109581,0.436646824210,-0.013236670911,0.365764714626,-0.013238545916,0.365764714629,0.379001385537,0.379003260545,41,55,53,56,0,2,3,0,0,0,0
0.040000000000,4006,5000,50000,64,0.000000000000,1.000000000000,0.222427472532,0.115974491776,0.453786619914,0.222424503782,0.115974491790,0.453786619931,0.106452980756,0.337812128138,0.106450011992,0.337812128141,0.231359147382,0.231362116149,34,58,53,59,0,5,6,0,0,0,0
0.040000000000,4007,5000,50000,64,0.000000000000,1.000000000000,0.069897631787,0.172591088390,0.472931915320,0.069895288037,0.172591088395,0.472931915329,-0.102693456603,0.300340826931,-0.102695800358,0.300340826934,0.403034283533,0.403036627292,41,58,56,59,0,2,3,0,0,0,0
0.040000000000,4008,5000,50000,64,0.000000000000,1.000000000000,0.131527534786,0.128619751362,0.596319206774,0.131525503536,0.128619751364,0.596319206783,0.002907783425,0.467699455413,0.002905752172,0.467699455418,0.464791671988,0.464793703246,41,55,54,57,0,1,3,0,0,0,0
0.040000000000,4009,5000,50000,64,0.000000000000,1.000000000000,0.090716039967,0.771006819076,0.906341310698,0.090713383717,0.771006819102,0.906341310727,-0.680290779110,0.135334491622,-0.680293435385,0.135334491625,0.815625270731,0.815627927011,34,60,51,61,0,9,10,0,0,0,0
0.040000000000,4010,5000,50000,64,0.000000000000,1.000000000000,0.169783530009,0.819076865845,0.900149626579,0.169781186259,0.819076865862,0.900149626599,-0.649293335836,0.081072760735,-0.649295679603,0.081072760738,0.730366096570,0.730368440340,38,59,53,60,0,6,7,0,0,0,0
0.040000000000,4011,5000,50000,64,0.000000000000,1.000000000000,0.150230184798,0.595457215198,0.741712904141,0.150227059798,0.595457215215,0.741712904164,-0.445227030400,0.146255688942,-0.445230155417,0.146255688949,0.591482719342,0.591485844365,32,58,52,60,0,6,8,0,0,0,0
0.040000000000,4012,5000,50000,64,0.000000000000,1.000000000000,0.085727906087,0.124850575442,0.665202539280,0.085726187337,0.124850575444,0.665202539291,-0.039122669355,0.540351963838,-0.039124388108,0.540351963847,0.579474633193,0.579476351954,44,56,55,59,0,1,4,0,0,0,0
0.040000000000,4013,5000,50000,64,0.000000000000,1.000000000000,0.188764486276,0.302469012314,0.618713974321,0.188761673776,0.302469012325,0.618713974341,-0.113704526038,0.316244962006,-0.113707338549,0.316244962016,0.429949488044,0.429952300565,36,58,54,61,0,4,7,0,0,0,0
0.040000000000,4014,5000,50000,64,0.000000000000,1.000000000000,0.147524379708,0.793645252916,0.888777524216,0.147522035958,0.793645252948,0.888777524251,-0.646120873208,0.095132271300,-0.646123216990,0.095132271303,0.741253144508,0.741255488292,33,59,48,60,0,11,12,0,0,0,0
0.040000000000,4015,5000,50000,64,0.000000000000,1.000000000000,0.098247039162,0.283130754592,0.679319135319,0.098245476662,0.283130754600,0.679319135333,-0.184883715430,0.396188380727,-0.184885277938,0.396188380733,0.581072096157,0.581073658671,45,58,55,60,0,3,5,0,0,0,0
0.040000000000,4016,5000,50000,64,0.000000000000,1.000000000000,0.145360996844,0.619646789997,0.754071764241,0.145358809344,0.619646790028,0.754071764274,-0.474285793153,0.134424974243,-0.474287980684,0.134424974246,0.608710767396,0.608712954930,33,58,47,59,0,11,12,0,0,0,0
0.040000000000,4017,5000,50000,64,0.000000000000,1.000000000000,0.156763210945,0.748173145053,1.164165217763,0.156761023445,0.748173145079,1.164165217796,-0.591409934108,0.415992072710,-0.591412121634,0.415992072717,1.007402006818,1.007404194351,37,60,51,62,0,9,11,0,0,0,0
0.040000000000,4018,5000,50000,64,0.000000000000,1.000000000000,0.115987607849,0.259613507117,0.661279660792,0.115985420349,0.259613507128,0.661279660809,-0.143625899268,0.401666153675,-0.143628086779,0.401666153682,0.545292052943,0.545294240460,40,58,54,60,0,4,6,0,0,0,0
0.040000000000,4019,5000,50000,64,0.000000000000,1.000000000000,0.096332486308,0.128889856701,0.427008439413,0.096330298808,0.128889856715,0.427008439429,-0.032557370393,0.298118582711,-0.032559557907,0.298118582714,0.330675953104,0.330678140621,38,57,52,58,0,5,6,0,0,0,0
0.040000000000,4020,5000,50000,64,0.000000000000,1.000000000000,0.138977631385,0.333712470002,0.896573295843,0.138975443885,0.333712470015,0.896573295866,-0.194734838616,0.562860825842,-0.194737026130,0.562860825851,0.757595664458,0.757597851981,38,57,52,60,0,5,8,0,0,0,0
0.040000000000,4021,5000,50000,64,0.000000000000,1.000000000000,0.093918300872,0.278721891611,0.731191454877,0.093915957122,0.278721891619,0.731191454891,-0.184803590739,0.452469563265,-0.184805934497,0.452469563271,0.637273154005,0.637275497769,39,57,54,59,0,3,5,0,0,0,0
0.040000000000,4022,5000,50000,64,0.000000000000,1.000000000000,0.109741254266,0.403322586776,0.681952909099,0.109739066766,0.403322586793,0.681952909123,-0.293581332509,0.278630322324,-0.293583520026,0.278630322330,0.572211654833,0.572213842357,39,59,53,61,0,6,8,0,0,0,0
0.040000000000,4023,5000,50000,64,0.000000000000,1.000000000000,0.095132103650,0.136287282301,0.555172060250,0.095129916150,0.136287282306,0.555172060266,-0.041155178650,0.418884777949,-0.041157366155,0.418884777961,0.460039956599,0.460042144116,39,55,53,59,0,2,6,0,0,0,0
0.040000000000,4024,5000,50000,64,0.000000000000,1.000000000000,0.189680869751,0.255219112854,0.633070313434,0.189678213501,0.255219112865,0.633070313451,-0.065538243103,0.377851200580,-0.065540899364,0.377851200586,0.443389443683,0.443392099950,37,58,54,60,0,4,6,0,0,0,0
0.040000000000,4025,5000,50000,64,0.000000000000,1.000000000000,0.097416750552,0.133025515421,0.492233035777,0.097414406802,0.133025515429,0.492233035791,-0.035608764869,0.359207520357,-0.035611108627,0.359207520362,0.394816285225,0.394818628989,38,56,53,58,0,3,5,0,0,0,0
0.040000000000,4026,5000,50000,64,0.000000000000,1.000000000000,0.220105139837,0.401919868372,0.973950473189,0.220102483587,0.401919868383,0.973950473204,-0.181814728535,0.572030604818,-0.181817384796,0.572030604821,0.753845333352,0.753847989617,38,59,55,60,0,4,5,0,0,0,0
0.040000000000,4027,5000,50000,64,0.000000000000,1.000000000000,0.147721559542,0.410819181788,0.743439885830,0.147719684542,0.410819181802,0.743439885851,-0.263097622246,0.332620704043,-0.263099497260,0.332620704049,0.595718326289,0.595720201309,42,59,54,61,0,5,7,0,0,0,0
0.040000000000,4028,5000,50000,64,0.000000000000,1.000000000000,0.211031330716,0.347041780808,0.858950319928,0.211028830716,0.347041780822,0.858950319951,-0.136010450091,0.511908539120,-0.136012950105,0.511908539129,0.647918989211,0.647921489234,36,57,52,60,0,5,8,0,0,0,0
0.040000000000,4029,5000,50000,64,0.000000000000,1.000000000000,0.077868041000,0.253290888888,0.702862133600,0.077865853500,0.253290888897,0.702862133614,-0.175422847888,0.449571244712,-0.175425035396,0.449571244717,0.624994092600,0.624996280114,40,57,54,59,0,3,5,0,0,0,0
0.080000000000,4000,5000,50000,64,0.000000000000,1.000000000000,0.080035877097,0.057324932427,0.531991460975,0.080034158347,0.057324932427,0.531991460980,0.022710944670,0.474666528548,0.022709225920,0.474666528553,0.451955583878,0.451957302633,39,50,50,52,0,0,2,0,0,0,0
0.080000000000,4001,5000,50000,64,0.000000000000,1.000000000000,0.117623330424,0.200723914245,0.627442217968,0.117620830424,0.200723914255,0.627442217982,-0.083100583821,0.426718303724,-0.083103083831,0.426718303727,0.509818887544,0.509821387558,34,54,50,55,0,4,5,0,0,0,0
0.080000000000,4002,5000,50000,64,0.000000000000,1.000000000000,0.097098764987,0.498170719242,0.673280443843,0.097096264987,0.498170719258,0.673280443862,-0.401071954255,0.175109724601,-0.401074454272,0.175109724604,0.576181678856,0.576184178875,34,56,50,57,0,6,7,0,0,0,0
0.080000000000,4003,5000,50000,64,0.000000000000,1.000000000000,0.183563109901,0.118497395745,0.294125730495,0.183560297401,0.118497395753,0.294125730509,0.065065714157,0.175628334750,0.065062901649,0.175628334756,0.110562620593,0.110565433107,35,56,53,58,0,3,5,0,0,0,0
0.080000000000,4004,5000,50000,64,0.000000000000,1.000000000000,0.116933064728,0.325181229373,0.650794069287,0.116930408478,0.325181229386,0.650794069303,-0.208248164644,0.325612839915,-0.208250820907,0.325612839918,0.533861004559,0.533863660825,33,55,50,56,0,5,6,0,0,0,0
0.080000000000,4005,5000,50000,64,0.000000000000,1.000000000000,0.076373645082,0.067955379918,0.570637325279,0.076371457582,0.067955379921,0.570637325286,0.008418265164,0.502681945361,0.008416077662,0.502681945366,0.494263680197,0.494265867704,35,50,49,52,0,1,3,0,0,0,0
0.080000000000,4006,5000,50000,64,0.000000000000,1.000000000000,0.236667373152,0.103131057184,0.510743919480,0.236663935652,0.103131057191,0.510743919490,0.133536315969,0.407612862296,0.133532878461,0.407612862299,0.274076546328,0.274079983838,30,55,52,56,0,3,4,0,0,0,0
0.080000000000,4007,5000,50000,64,0.000000000000,1.000000000000,0.082198530445,0.166345847109,0.562536251653,0.082196499195,0.166345847117,0.562536251667,-0.084147316664,0.396190404544,-0.084149347922,0.396190404550,0.480337721208,0.480339752472,38,54,51,56,0,3,5,0,0,0,0
0.080000000000,4008,5000,50000,64,0.000000000000,1.000000000000,0.140479150332,0.138961249888,0.721595292051,0.140476962832,0.138961249894,0.721595292062,0.001517900444,0.582634042162,0.001515712938,0.582634042168,0.581116141719,0.581118329229,38,54,52,56,0,2,4,0,0,0,0
0.080000000000,4009,5000,50000,64,0.000000000000,1.000000000000,0.091276972093,0.776299548382,0.980822053111,0.091274472093,0.776299548410,0.980822053142,-0.685022576289,0.204522504729,-0.685025076317,0.204522504732,0.889545081018,0.889547581049,31,57,47,58,0,10,11,0,0,0,0
0.080000000000,4010,5000,50000,64,0.000000000000,1.000000000000,0.172152877001,0.948299783668,1.247785914295,0.172150220751,0.948299783685,1.247785914318,-0.776146906667,0.299486130627,-0.776149562934,0.299486130633,1.075633037294,1.075635693567,35,58,52,60,0,6,8,0,0,0,0
0.080000000000,4011,5000,50000,64,0.000000000000,1.000000000000,0.152510041858,0.598498928968,0.896938891001,0.152507073108,0.598498928984,0.896938891023,-0.445988887110,0.298439962032,-0.445991855876,0.298439962038,0.744428849143,0.744431817915,30,55,49,57,0,6,8,0,0,0,0
0.080000000000,4012,5000,50000,64,0.000000000000,1.000000000000,0.091373140511,0.161504812525,0.781218835448,0.091371578011,0.161504812528,0.781218835456,-0.070131672014,0.619714022923,-0.070133234516,0.619714022928,0.689845694936,0.689847257444,42,53,52,55,0,1,3,0,0,0,0
0.080000000000,4013,5000,50000,64,0.000000000000,1.000000000000,0.200545327116,0.330395221418,0.650897109996,0.200542670866,0.330395221431,0.650897110012,-0.129849894302,0.320501888578,-0.129852550565,0.320501888581,0.450351782880,0.450354439147,34,56,51,57,0,5,6,0,0,0,0
0.080000000000,4014,5000,50000,64,0.000000000000,1.000000000000,0.160028907620,0.821710874808,1.004033262816,0.160026251370,0.821710874835,1.004033262850,-0.661681967188,0.182322388007,-0.661684623466,0.182322388014,0.844004355196,0.844007011480,30,57,47,59,0,10,12,0,0,0,0
0.080000000000,4015,5000,50000,64,0.000000000000,1.000000000000,0.101711059634,0.381832994524,0.921930096906,0.101709184634,0.381832994538,0.921930096926,-0.280121934890,0.540097102382,-0.280123809904,0.540097102388,0.820219037272,0.820220912292,40,57,52,59,0,5,7,0,0,0,0
0.080000000000,4016,5000,50000,64,0.000000000000,1.000000000000,0.147431094920,0.570748326217,0.770515019247,0.147428594920,0.570748326241,0.770515019275,-0.423317231297,0.199766693030,-0.423319731321,0.199766693033,0.623083924327,0.623086424355,31,56,47,57,0,9,10,0,0,0,0
0.080000000000,4017,5000,50000,64,0.000000000000,1.000000000000,0.150616665988,0.777774918989,1.158977761304,0.150614322238,0.777774919011,1.158977761333,-0.627158253001,0.381202842315,-0.627160596773,0.381202842322,1.008361095316,1.008363439095,35,58,50,60,0,8,10,0,0,0,0
0.080000000000,4018,5000,50000,64,0.000000000000,1.000000000000,0.128282849701,0.286667034994,0.785540187406,0.128280349701,0.286667035004,0.785540187423,-0.158384185293,0.498873152412,-0.158386685304,0.498873152418,0.657257337706,0.657259837722,36,56,52,58,0,4,6,0,0,0,0
0.080000000000,4019,5000,50000,64,0.000000000000,1.000000000000,0.108804099759,0.115633673898,0.501436472534,0.108801756009,0.115633673903,0.501436472542,-0.006829574139,0.385802798636,-0.006831917894,0.385802798639,0.392632372775,0.392634716532,35,52,50,53,0,2,3,0,0,0,0
0.080000000000,4020,5000,50000,64,0.000000000000,1.000000000000,0.160637547423,0.309749194317,0.937554135438,0.160634734923,0.309749194325,0.937554135452,-0.149111646894,0.627804941121,-0.149114459402,0.627804941127,0.776916588015,0.776919400529,34,55,52,57,0,3,5,0,0,0,0
0.080000000000,4021,5000,50000,64,0.000000000000,1.000000000000,0.098014253429,0.268724197868,0.869332064100,0.098011597179,0.268724197873,0.869332064114,-0.170709944439,0.600607866232,-0.170712600694,0.600607866240,0.771317810671,0.771320466935,34,53,51,56,0,2,5,0,0,0,0
0.080000000000,4022,5000,50000,64,0.000000000000,1.000000000000,0.131232864585,0.446326142216,0.845175755826,0.131230208335,0.446326142226,0.845175755843,-0.315093277630,0.398849613611,-0.315095933891,0.398849613617,0.713942891241,0.713945547508,35,56,52,58,0,4,6,0,0,0,0
0.080000000000,4023,5000,50000,64,0.000000000000,1.000000000000,0.113168629578,0.151363632947,0.678758470922,0.113165817078,0.151363632947,0.678758470928,-0.038195003369,0.527394837976,-0.038197815869,0.527394837981,0.565589841344,0.565592653849,34,52,52,54,0,0,2,0,0,0,0
0.080000000000,4024,5000,50000,64,0.000000000000,1.000000000000,0.187681520260,0.268676275794,0.630517676568,0.187678864010,0.268676275805,0.630517676585,-0.080994755534,0.361841400774,-0.080997411795,0.361841400780,0.442836156308,0.442838812575,36,57,53,59,0,4,6,0,0,0,0
0.080000000000,4025,5000,50000,64,0.000000000000,1.000000000000,0.110775786492,0.118262469305,0.620284651241,0.110773286492,0.118262469307,0.620284651252,-0.007486682813,0.502022181936,-0.007489182815,0.502022181944,0.509508864749,0.509511364760,34,51,50,54,0,1,4,0,0,0,0
0.080000000000,4026,5000,50000,64,0.000000000000,1.000000000000,0.214757450681,0.434346029007,1.098145856063,0.214754794431,0.434346029016,1.098145856075,-0.219588578327,0.663799827056,-0.219591234585,0.663799827059,0.883388405383,0.883391061644,37,57,54,58,0,3,4,0,0,0,0
0.080000000000,4027,5000,50000,64,0.000000000000,1.000000000000,0.150727068453,0.476828498925,1.029197201985,0.150725037203,0.476828498941,1.029197202007,-0.326101430472,0.552368703059,-0.326103461739,0.552368703066,0.878470133532,0.878472164805,38,57,51,59,0,6,8,0,0,0,0
0.080000000000,4028,5000,50000,64,0.000000000000,1.000000000000,0.250339393573,0.344357694002,1.040600891368,0.250336737323,0.344357694018,1.040600891393,-0.094018300430,0.696243197365,-0.094020956695,0.696243197375,0.790261497795,0.790264154070,32,55,49,58,0,6,9,0,0,0,0
0.080000000000,4029,5000,50000,64,0.000000000000,1.000000000000,0.092575657574,0.252641075451,0.829490996784,0.092573313824,0.252641075453,0.829490996795,-0.160065417876,0.576849921333,-0.160067761629,0.576849921342,0.736915339210,0.736917682970,37,53,52,56,0,1,4,0,0,0,0
0.160000000000,4000,5000,50000,64,0.000000000000,1.000000000000,0.088788408319,0.053338045824,0.708884599967,0.088786220819,0.053337889574,0.708884599969,0.035450362494,0.655546554143,0.035448331244,0.655546710395,0.620096191648,0.620098379151,31,44,45,46,0,0,1,0,0,0,0
0.160000000000,4001,5000,50000,64,0.000000000000,1.000000000000,0.124461635995,0.223745324887,0.769651724493,0.124458823495,0.223745324897,0.769651724500,-0.099283688892,0.545906399605,-0.099286501402,0.545906399603,0.645190088498,0.645192901005,29,51,47,50,0,4,3,0,0,0,0
0.160000000000,4002,5000,50000,64,0.000000000000,1.000000000000,0.123405751452,0.462356833849,0.743379811292,0.123403251452,0.462356833864,0.743379811310,-0.338951082397,0.281022977442,-0.338953582412,0.281022977445,0.619974059840,0.619976559858,30,52,46,53,0,6,7,0,0,0,0
0.160000000000,4003,5000,50000,64,0.000000000000,1.000000000000,0.224909998789,0.127661461758,0.290068627205,0.224906717539,0.127661461763,0.290068627213,0.097248537032,0.162407165448,0.097245255777,0.162407165450,0.065158628416,0.065161909674,30,53,51,54,0,2,3,0,0,0,0
0.160000000000,4004,5000,50000,64,0.000000000000,1.000000000000,0.109453495250,0.410974243081,0.839178444655,0.109450839000,0.410974243093,0.839178444673,-0.301520747831,0.428204201575,-0.301523404093,0.428204201580,0.729724949405,0.729727605673,29,51,46,53,0,5,7,0,0,0,0
0.160000000000,4005,5000,50000,64,0.000000000000,1.000000000000,0.110613493349,0.048452910436,0.687973462090,0.110610837099,0.048452910438,0.687973462096,0.062160582913,0.639520551654,0.062157926660,0.639520551658,0.577359968741,0.577362624998,28,46,45,48,0,1,3,0,0,0,0
0.160000000000,4006,5000,50000,64,0.000000000000,1.000000000000,0.259840280714,0.054413153399,0.484939043859,0.259836999464,0.054413153399,0.484939043862,0.205427127315,0.430525890460,0.205423846065,0.430525890462,0.225098763145,0.225102044397,30,51,51,52,0,0,1,0,0,0,0
0.160000000000,4007,5000,50000,64,0.000000000000,1.000000000000,0.094262314868,0.138217763822,0.622853640038,0.094259658618,0.138217763824,0.622853640040,-0.043955448953,0.484635876216,-0.043958105206,0.484635876216,0.528591325169,0.528593981422,31,49,48,49,0,1,1,0,0,0,0
0.160000000000,4008,5000,50000,64,0.000000000000,1.000000000000,0.149871008654,0.136821016780,0.871984537649,0.149868196154,0.136821016782,0.871984537660,0.013049991875,0.735163520870,0.013047179372,0.735163520877,0.722113528995,0.722116341505,31,50,49,53,0,1,4,0,0,0,0
0.160000000000,4009,5000,50000,64,0.000000000000,1.000000000000,0.096805250152,0.691521492618,0.979847694567,0.096802593902,0.691521492638,0.979847694594,-0.594716242466,0.288326201949,-0.594718898736,0.288326201955,0.883042444415,0.883045100691,28,53,45,55,0,8,10,0,0,0,0
0.160000000000,4010,5000,50000,64,0.000000000000,1.000000000000,0.162043436788,1.163260381238,1.313091584679,0.162040468038,1.163260381254,1.313091584698,-1.001216944450,0.149831203441,-1.001219913216,0.149831203444,1.151048147891,1.151051116660,31,56,50,57,0,6,7,0,0,0,0
0.160000000000,4011,5000,50000,64,0.000000000000,1.000000000000,0.148627835575,0.614796064915,0.939291674307,0.148625023075,0.614796064930,0.939291674325,-0.466168229339,0.324495609392,-0.466171041854,0.324495609395,0.790663838732,0.790666651249,28,52,46,53,0,6,7,0,0,0,0
0.160000000000,4012,5000,50000,64,0.000000000000,1.000000000000,0.096726829692,0.211585927181,0.918557375861,0.096724485942,0.211585927184,0.918557375868,-0.114859097489,0.706971448679,-0.114861441242,0.706971448684,0.821830546169,0.821832889926,34,50,49,52,0,1,3,0,0,0,0
0.160000000000,4013,5000,50000,64,0.000000000000,1.000000000000,0.210769675235,0.322103210252,0.895584337009,0.210767018985,0.322103210267,0.895584337030,-0.111333535017,0.573481126757,-0.111336191282,0.573481126763,0.684814661774,0.684817318045,29,52,46,54,0,6,8,0,0,0,0
0.160000000000,4014,5000,50000,64,0.000000000000,1.000000000000,0.184933154340,0.834550124615,1.001711119384,0.184930498090,0.834550124644,1.001711119417,-0.649616970275,0.167160994769,-0.649619626554,0.167160994772,0.816777965044,0.816780621326,27,55,44,56,0,11,12,0,0,0,0
0.160000000000,4015,5000,50000,64,0.000000000000,1.000000000000,0.102441876889,0.463137491778,1.214196474060,0.102439376889,0.463137491789,1.214196474079,-0.360695614889,0.751058982282,-0.360698114899,0.751058982291,1.111754597171,1.111757097190,34,54,50,57,0,4,7,0,0,0,0
0.160000000000,4016,5000,50000,64,0.000000000000,1.000000000000,0.149667025641,0.542556934180,0.877273450736,0.149664056891,0.542556934198,0.877273450759,-0.392889908539,0.334716516556,-0.392892877307,0.334716516562,0.727606425095,0.727609393868,27,53,46,55,0,7,9,0,0,0,0
0.160000000000,4017,5000,50000,64,0.000000000000,1.000000000000,0.136618356914,0.830377032527,1.268730034075,0.136615856914,0.830377032543,1.268730034097,-0.693758675613,0.438353001548,-0.693761175629,0.438353001554,1.132111677160,1.132114177183,34,56,50,58,0,6,8,0,0,0,0
0.160000000000,4018,5000,50000,64,0.000000000000,1.000000000000,0.138161509623,0.317907789660,0.826781418451,0.138158540873,0.317907789665,0.826781418461,-0.179746280037,0.508873628791,-0.179749248792,0.508873628796,0.688619908828,0.688622877588,31,52,50,54,0,2,4,0,0,0,0
0.160000000000,4019,5000,50000,64,0.000000000000,1.000000000000,0.128666154326,0.106399300103,0.753290219988,0.128663966826,0.106399300107,0.753290220000,0.022266854223,0.646890919886,0.022264666719,0.646890919893,0.624624065663,0.624626253174,30,46,44,49,0,2,5,0,0,0,0
0.160000000000,4020,5000,50000,64,0.000000000000,1.000000000000,0.172860156892,0.226247072554,0.897874619495,0.172857344392,0.226247072559,0.897874619510,-0.053386915662,0.671627546940,-0.053389728167,0.671627546951,0.725014462602,0.725017275118,30,50,48,54,0,2,6,0,0,0,0
0.160000000000,4021,5000,50000,64,0.000000000000,1.000000000000,0.106017029991,0.228803257362,0.909028766157,0.106014061241,0.228803257364,0.909028766159,-0.122786227371,0.680225508794,-0.122789196124,0.680225508794,0.803011736166,0.803014704918,28,48,47,48,0,1,1,0,0,0,0
0.160000000000,4022,5000,50000,64,0.000000000000,1.000000000000,0.150272513607,0.468562834899,1.008793341689,0.150269857357,0.468562834912,1.008793341711,-0.318290321292,0.540230506790,-0.318292977555,0.540230506799,0.858520828083,0.858523484354,31,53,48,56,0,5,8,0,0,0,0
0.160000000000,4023,5000,50000,64,0.000000000000,1.000000000000,0.135553304778,0.183268276925,0.853091546377,0.135550336028,0.183268276930,0.853091546389,-0.047714972147,0.669823269451,-0.047717940902,0.669823269459,0.717538241598,0.717541210361,28,49,47,52,0,2,5,0,0,0,0
0.160000000000,4024,5000,50000,64,0.000000000000,1.000000000000,0.193219832048,0.267985024987,0.598437691311,0.193216707048,0.267985024998,0.598437691325,-0.074765192939,0.330452666324,-0.074768317950,0.330452666327,0.405217859263,0.405220984277,32,56,52,57,0,4,5,0,0,0,0
0.160000000000,4025,5000,50000,64,0.000000000000,1.000000000000,0.130863488415,0.092324581529,0.703585745980,0.130860675915,0.092324581532,0.703585745987,0.038538906885,0.611261164451,0.038536094383,0.611261164456,0.572722257566,0.572725070073,28,47,46,49,0,1,3,0,0,0,0
0.160000000000,4026,5000,50000,64,0.000000000000,1.000000000000,0.193481424553,0.497160793179,1.207921975852,0.193478612053,0.497160793189,1.207921975863,-0.303679368626,0.710761182674,-0.303682181136,0.710761182674,1.014440551300,1.014443363810,33,55,51,55,0,4,4,0,0,0,0
0.160000000000,4027,5000,50000,64,0.000000000000,1.000000000000,0.148260554405,0.526137467531,1.225672327683,0.148258366905,0.526137467546,1.225672327705,-0.377876913126,0.699534860153,-0.377879100642,0.699534860159,1.077411773279,1.077413960800,34,54,48,56,0,6,8,0,0,0,0
0.160000000000,4028,5000,50000,64,0.000000000000,1.000000000000,0.302011111824,0.315005251555,1.013764435856,0.302007830574,0.315005251563,1.013764435872,-0.012994139732,0.698759184301,-0.012997420989,0.698759184309,0.711753324033,0.711756605299,28,52,49,55,0,3,6,0,0,0,0
0.160000000000,4029,5000,50000,64,0.000000000000,1.000000000000,0.109500920658,0.232369047155,0.897885011351,0.109498108158,0.232369047159,0.897885011361,-0.122868126497,0.665515964196,-0.122870939002,0.665515964201,0.788384090693,0.788386903203,29,49,47,51,0,2,4,0,0,0,0
0.320000000000,4000,5000,50000,64,0.000000000000,1.000000000000,0.108682944286,0.028634640804,0.851896329020,0.108680131786,0.028634484554,0.851896329022,0.080048303481,0.823261688215,0.080045647231,0.823261844467,0.743213384734,0.743216197236,22,39,40,41,0,0,1,0,0,0,0
0.320000000000,4001,5000,50000,64,0.000000000000,1.000000000000,0.144436966167,0.242945846493,0.862968849010,0.144433684917,0.242945846495,0.862968849019,-0.098508880326,0.620023002517,-0.098512161578,0.620023002524,0.718531882843,0.718535164102,24,46,45,49,0,1,4,0,0,0,0
0.320000000000,4002,5000,50000,64,0.000000000000,1.000000000000,0.164574818812,0.412396253529,0.735643180897,0.164572006312,0.412396253538,0.735643180908,-0.247821434717,0.323246927368,-0.247824247226,0.323246927370,0.571068362085,0.571071174596,25,47,43,48,0,4,5,0,0,0,0
0.320000000000,4003,5000,50000,64,0.000000000000,1.000000000000,0.269630720122,0.137647988725,0.432353850815,0.269627282622,0.137647988732,0.432353850825,0.131982731397,0.294705862091,0.131979293890,0.294705862093,0.162723130693,0.162726568203,26,51,48,52,0,3,4,0,0,0,0
0.320000000000,4004,5000,50000,64,0.000000000000,1.000000000000,0.111283600464,0.529107809980,0.979811337713,0.111280944214,0.529107809996,0.979811337732,-0.417824209516,0.450703527733,-0.417826865782,0.450703527736,0.868527737249,0.868530393518,24,48,41,49,0,7,8,0,0,0,0
0.320000000000,4005,5000,50000,64,0.000000000000,1.000000000000,0.174060610130,0.025384733900,0.772308632511,0.174057485130,0.025384733902,0.772308632517,0.148675876230,0.746923898611,0.148672751228,0.746923898615,0.598248022381,0.598251147387,21,42,41,44,0,1,3,0,0,0,0
0.320000000000,4006,5000,50000,64,0.000000000000,1.000000000000,0.280008667183,0.030145585584,0.422298984553,0.280004917183,0.030145585584,0.422298984555,0.249863081599,0.392153398969,0.249859331599,0.392153398972,0.142290317370,0.142294067372,24,48,48,49,0,0,1,0,0,0,0
0.320000000000,4007,5000,50000,64,0.000000000000,1.000000000000,0.118469544614,0.091647699611,0.844350131984,0.118467044614,0.091647699615,0.844350131990,0.026821845004,0.752702432373,0.026819345000,0.752702432375,0.725880587369,0.725883087376,25,43,41,44,0,2,3,0,0,0,0
0.320000000000,4008,5000,50000,64,0.000000000000,1.000000000000,0.151778957928,0.114475683483,0.979414822744,0.151775832928,0.114475683487,0.979414822756,0.037303274445,0.864939139261,0.037300149441,0.864939139268,0.827635864816,0.827638989828,25,47,45,50,0,2,5,0,0,0,0
0.320000000000,4009,5000,50000,64,0.000000000000,1.000000000000,0.105261699074,0.573697907334,0.959294688044,0.105258886574,0.573697907348,0.959294688060,-0.468436208260,0.385596780710,-0.468439020774,0.385596780712,0.854032988970,0.854035801487,25,49,43,50,0,6,7,0,0,0,0
0.320000000000,4010,5000,50000,64,0.000000000000,1.000000000000,0.151147309601,1.314935719338,1.521444051787,0.151144028351,1.314935719351,1.521444051799,-1.163788409737,0.206508332449,-1.163791691000,0.206508332449,1.370296742185,1.370300023448,27,53,48,53,0,5,5,0,0,0,0
0.320000000000,4011,5000,50000,64,0.000000000000,1.000000000000,0.141913083188,0.630444698404,1.127539694887,0.141910270688,0.630444698416,1.127539694902,-0.488531615216,0.497094996483,-0.488534427728,0.497094996486,0.985626611699,0.985629424214,26,49,44,50,0,5,6,0,0,0,0
0.320000000000,4012,5000,50000,64,0.000000000000,1.000000000000,0.107743940855,0.237052813575,1.082404206346,0.107740815855,0.237052813577,1.082404206350,-0.129308872721,0.845351392770,-0.129311997723,0.845351392773,0.974660265491,0.974663390496,26,47,46,48,0,1,2,0,0,0,0
0.320000000000,4013,5000,50000,64,0.000000000000,1.000000000000,0.213824188344,0.288477874370,0.792452012350,0.213821063344,0.288477874379,0.792452012365,-0.074653686026,0.503974137980,-0.074656811035,0.503974137985,0.578627824006,0.578630949020,24,48,44,50,0,4,6,0,0,0,0
0.320000000000,4014,5000,50000,64,0.000000000000,1.000000000000,0.230559187019,0.857011687018,1.276779110843,0.230556374519,0.857011687040,1.276779110865,-0.626452499999,0.419767423825,-0.626455312521,0.419767423825,1.046219923824,1.046222736346,24,51,42,51,0,9,9,0,0,0,0
0.320000000000,4015,5000,50000,64,0.000000000000,1.000000000000,0.092952526801,0.488724228071,1.190623230301,0.092949401801,0.488724228076,1.190623230311,-0.395771701270,0.701899002230,-0.395774826275,0.701899002235,1.097670703501,1.097673828511,28,50,48,52,0,2,4,0,0,0,0
0.320000000000,4016,5000,50000,64,0.000000000000,1.000000000000,0.157457440814,0.442081176082,0.915000297344,0.157454472064,0.442081176098,0.915000297357,-0.284623735268,0.472919121262,-0.284626704034,0.472919121259,0.757542856530,0.757545825294,23,49,42,48,0,7,6,0,0,0,0
0.320000000000,4017,5000,50000,64,0.000000000000,1.000000000000,0.124552870060,0.864268296301,1.236189324219,0.124550370060,0.864268296319,1.236189324237,-0.739715426241,0.371921027918,-0.739717926259,0.371921027918,1.111636454159,1.111638954177,31,54,47,54,0,7,7,0,0,0,0
0.320000000000,4018,5000,50000,64,0.000000000000,1.000000000000,0.155804941304,0.353973975550,1.122235588719,0.155801660054,0.353973975560,1.122235588731,-0.198169034247,0.768261613168,-0.198172315506,0.768261613171,0.966430647415,0.966433928677,24,49,45,50,0,4,5,0,0,0,0
0.320000000000,4019,5000,50000,64,0.000000000000,1.000000000000,0.156280987878,0.063359059624,0.884869135797,0.156278175378,0.063359059626,0.884869135801,0.092921928253,0.821510076173,0.092919115751,0.821510076175,0.728588147920,0.728590960424,22,41,40,42,0,1,2,0,0,0,0
0.320000000000,4020,5000,50000,64,0.000000000000,1.000000000000,0.186496019785,0.156247341330,0.923264112624,0.186492738535,0.156247341334,0.923264112633,0.030248678455,0.767016771294,0.030245397200,0.767016771299,0.736768092839,0.736771374098,24,47,45,49,0,2,4,0,0,0,0
0.320000000000,4021,5000,50000,64,0.000000000000,1.000000000000,0.117731029980,0.137918659614,1.002491420032,0.117728061230,0.137918659614,1.002491420034,-0.020187629634,0.864572760418,-0.020190598384,0.864572760420,0.884760390052,0.884763358804,24,43,43,44,0,0,1,0,0,0,0
0.320000000000,4022,5000,50000,64,0.000000000000,1.000000000000,0.167183273048,0.469931441886,1.087900660404,0.167179835548,0.469931441893,1.087900660416,-0.302748168838,0.617969218518,-0.302751606345,0.617969218523,0.920717387356,0.920720824868,24,49,46,51,0,3,5,0,0,0,0
0.320000000000,4023,5000,50000,64,0.000000000000,1.000000000000,0.179265038013,0.200429997880,1.015115887160,0.179261600513,0.200429997882,1.015115887169,-0.021164959867,0.814685889280,-0.021168397369,0.814685889287,0.835850849147,0.835854286656,21,44,43,47,0,1,4,0,0,0,0
0.320000000000,4024,5000,50000,64,0.000000000000,1.000000000000,0.176551193138,0.302263074191,0.649447597606,0.176547911888,0.302263074198,0.649447597620,-0.125711881053,0.347184523416,-0.125715162310,0.347184523421,0.472896404468,0.472899685732,29,53,50,55,0,3,5,0,0,0,0
0.320000000000,4025,5000,50000,64,0.000000000000,1.000000000000,0.165092343284,0.047755070868,0.836425061350,0.165089374534,0.047755070868,0.836425061354,0.117337272417,0.788669990482,0.117334303667,0.788669990486,0.671332718065,0.671335686820,22,41,41,43,0,0,2,0,0,0,0
0.320000000000,4026,5000,50000,64,0.000000000000,1.000000000000,0.170036834776,0.521444766862,1.121506729975,0.170033709776,0.521444766870,1.121506729985,-0.351407932086,0.600061963113,-0.351411057094,0.600061963116,0.951469895199,0.951473020209,28,51,48,52,0,3,4,0,0,0,0
0.320000000000,4027,5000,50000,64,0.000000000000,1.000000000000,0.155359243321,0.513648733217,1.138466657393,0.155356587071,0.513648733227,1.138466657406,-0.358289489896,0.624817924176,-0.358292146156,0.624817924179,0.983107414072,0.983110070334,29,50,46,51,0,4,5,0,0,0,0
0.320000000000,4028,5000,50000,64,0.000000000000,1.000000000000,0.353005453813,0.293822605548,0.711614431917,0.353001860063,0.293822605555,0.711614431926,0.059182848265,0.417791826369,0.059179254508,0.417791826371,0.358608978104,0.358612571863,23,49,46,50,0,3,4,0,0,0,0
0.320000000000,4029,5000,50000,64,0.000000000000,1.000000000000,0.116973432048,0.171094492071,0.888678925834,0.116970619548,0.171094492075,0.888678925838,-0.054121060023,0.717584433763,-0.054123872528,0.717584433763,0.771705493787,0.771708306291,24,44,42,44,0,2,2,0,0,0,0
0.640000000000,4000,5000,50000,64,0.000000000000,1.000000000000,0.065930043377,0.051070023273,0.034075009235,0.065924105877,0.051070023291,0.034070321735,0.014860020104,-0.016995014038,0.014854082586,-0.016999701556,-0.031855034142,-0.031853784142,2,48,40,10,0,8,0,0,0,0,0
0.640000000000,4001,5000,50000,64,0.000000000000,1.000000000000,-0.000000000000,0.567425114473,0.683333961915,0.000000000000,0.567425114542,0.683333961930,-0.567425114473,0.115908847442,-0.567425114542,0.115908847389,0.683333961915,0.683333961930,2,39,2,19,0,37,17,0,0,0,0
0.640000000000,4002,5000,50000,64,0.000000000000,1.000000000000,-0.000000000000,-0.000000000000,0.609022467589,0.000000000000,0.000000000000,0.609022467591,0.000000000000,0.609022467589,0.000000000000,0.609022467591,0.609022467589,0.609022467591,2,2,2,8,0,0,6,0,0,0,0
0.640000000000,4003,5000,50000,64,0.000000000000,1.000000000000,0.068598228389,0.068598228389,0.068598228389,0.068588540889,0.068588540889,0.068588540889,0.000000000000,0.000000000000,0.000000000000,0.000000000000,0.000000000000,0.000000000000,2,2,64,2,0,0,0,0,0,0,0
0.640000000000,4004,5000,50000,64,0.000000000000,1.000000000000,0.551279175128,0.549695557904,-0.000000000000,0.551279175186,0.549695558019,0.000000000000,0.001583617223,-0.549695557904,0.001583617167,-0.549695558019,-0.551279175128,-0.551279175186,36,50,2,2,34,48,0,0,0,0,0
0.640000000000,4005,5000,50000,64,0.000000000000,1.000000000000,-0.000000000000,0.555844099120,0.599371198679,0.000000000000,0.555844099189,0.599371198681,-0.555844099120,0.043527099559,-0.555844099189,0.043527099492,0.599371198679,0.599371198681,2,39,2,8,0,37,6,0,0,0,0
0.640000000000,4006,5000,50000,64,0.000000000000,1.000000000000,0.066854653789,0.003441909642,0.026104039994,0.066846841289,0.003439565892,0.026097789994,0.063412744147,0.022662130352,0.063407275397,0.022658224102,-0.040750613795,-0.040749051295,2,37,52,12,0,0,0,0,0,0,0
0.640000000000,4007,5000,50000,64,0.000000000000,1.000000000000,0.557881879732,-0.000000000000,0.584708618441,0.557881879774,0.000000000000,0.584708618444,0.557881879732,0.584708618441,0.557881879774,0.584708618444,0.026826738709,0.026826738670,31,2,2,10,29,0,8,0,0,0,0
0.640000000000,4008,5000,50000,64,0.000000000000,1.000000000000,-0.000000000000,-0.000000000000,0.664996178643,0.000000000000,0.000000000000,0.664996178668,0.000000000000,0.664996178643,0.000000000000,0.664996178668,0.664996178643,0.664996178668,2,2,2,24,0,0,22,0,0,0,0
0.640000000000,4009,5000,50000,64,0.000000000000,1.000000000000,0.068740002935,0.070960076410,0.032072820741,0.068731721685,0.070957732660,0.032066101991,-0.002220073474,-0.038887255669,-0.002226010974,-0.038891630669,-0.036667182194,-0.036665619694,2,40,55,12,0,0,0,0,0,0,0
0.640000000000,4010,5000,50000,64,0.000000000000,1.000000000000,0.068378150168,0.036446714390,0.068378150168,0.068368462668,0.036443433140,0.068368462668,0.031931435778,0.031931435778,0.031925029528,0.031925029528,0.000000000000,0.000000000000,2,43,64,2,0,0,0,0,0,0,0
0.640000000000,4011,5000,50000,64,0.000000000000,1.000000000000,0.068333809013,0.009927718288,0.041894861012,0.068324121513,0.009924124538,0.041886111012,0.058406090725,0.031967142724,0.058399996975,0.031961986474,-0.026438948001,-0.026438010501,2,41,64,8,0,0,0,0,0,0,0
0.640000000000,4012,5000,50000,64,0.000000000000,1.000000000000,-0.000000000000,-0.000000000000,-0.000000000000,0.000000000000,0.000000000000,0.000000000000,0.000000000000,0.000000000000,0.000000000000,0.000000000000,0.000000000000,0.000000000000,2,2,2,2,0,0,0,0,0,0,0
0.640000000000,4013,5000,50000,64,0.000000000000,1.000000000000,-0.000000000000,0.555572013535,0.581131522943,0.000000000000,0.555572013645,0.581131522946,-0.555572013535,0.025559509408,-0.555572013645,0.025559509301,0.581131522943,0.581131522946,2,49,2,10,0,47,8,0,0,0,0
0.640000000000,4014,5000,50000,64,0.000000000000,1.000000000000,0.020454868572,0.067734922107,0.067734922107,0.020451118572,0.067726328357,0.067726328357,-0.047280053535,0.000000000000,-0.047275209785,0.000000000000,0.047280053535,0.047275209785,33,2,57,2,0,0,0,0,0,0,0
0.640000000000,4015,5000,50000,64,0.000000000000,1.000000000000,-0.000000000000,0.563353993319,0.568669326671,0.000000000000,0.563353993391,0.568669326677,-0.563353993319,0.005315333352,-0.563353993391,0.005315333285,0.568669326671,0.568669326677,2,40,2,12,0,38,10,0,0,0,0
0.640000000000,4016,5000,50000,64,0.000000000000,1.000000000000,-0.000000000000,0.570833046493,-0.000000000000,0.000000000000,0.570833046573,0.000000000000,-0.570833046493,-0.570833046493,-0.570833046573,-0.570833046573,0.000000000000,0.000000000000,2,42,2,2,0,40,0,0,0,0,0
0.640000000000,4017,5000,50000,64,0.000000000000,1.000000000000,0.036994354544,0.019905819918,0.163148320080,0.036988885794,0.019902694918,0.163144570080,0.017088534626,0.143242500162,0.017086190876,0.143241875162,0.126153965536,0.126155684286,29,44,64,40,0,0,0,0,0,0,0
0.640000000000,4018,5000,50000,64,0.000000000000,1.000000000000,0.067118789850,0.056961256871,0.049642442082,0.067109102350,0.056958444371,0.049634317082,0.010157532979,-0.007318814788,0.010150657979,-0.007324127288,-0.017476347767,-0.017474785267,2,46,64,12,0,0,0,0,0,0,0
0.640000000000,4019,5000,50000,64,0.000000000000,1.000000000000,0.067420392814,0.017634355899,0.280085169918,0.067410705314,0.017630918399,0.280077669918,0.049786036915,0.262450814019,0.049779786915,0.262446751519,0.212664777104,0.212666964604,2,42,64,16,0,0,0,0,0,0,0
0.640000000000,4020,5000,50000,64,0.000000000000,1.000000000000,0.573253737685,-0.000000000000,0.561114492675,0.573253737719,0.000000000000,0.561114492724,0.573253737685,0.561114492675,0.573253737719,0.561114492724,-0.012139245009,-0.012139244995,28,2,2,33,26,0,31,0,0,0,0
0.640000000000,4021,5000,50000,64,0.000000000000,1.000000000000,0.067253175377,0.067253175377,0.067253175377,0.067243487877,0.067243487877,0.067243487877,0.000000000000,0.000000000000,0.000000000000,0.000000000000,0.000000000000,0.000000000000,2,2,64,2,0,0,0,0,0,0,0
0.640000000000,4022,5000,50000,64,0.000000000000,1.000000000000,0.000781623946,0.066077829252,0.066077829252,0.000779280196,0.066072204252,0.066072204252,-0.065296205305,0.000000000000,-0.065292924055,0.000000000000,0.065296205305,0.065292924055,23,2,38,2,0,0,0,0,0,0,0
0.640000000000,4023,5000,50000,64,0.000000000000,1.000000000000,-0.000000000000,-0.000000000000,0.575637151820,0.000000000000,0.000000000000,0.575637151825,0.000000000000,0.575637151820,0.000000000000,0.575637151825,0.575637151820,0.575637151825,2,2,2,12,0,0,10,0,0,0,0
0.640000000000,4024,5000,50000,64,0.000000000000,1.000000000000,0.003747301045,0.065745033156,0.065745033156,0.003745582295,0.065738626906,0.065738626906,-0.061997732112,0.000000000000,-0.061993044612,0.000000000000,0.061997732112,0.061993044612,32,2,43,2,0,0,0,0,0,0,0
0.640000000000,4025,5000,50000,64,0.000000000000,1.000000000000,-0.000000000000,0.568409182685,0.585565340186,0.000000000000,0.568409182744,0.585565340190,-0.568409182685,0.017156157501,-0.568409182744,0.017156157446,0.585565340186,0.585565340190,2,36,2,10,0,34,8,0,0,0,0
0.640000000000,4026,5000,50000,64,0.000000000000,1.000000000000,-0.000000000000,-0.000000000000,-0.000000000000,0.000000000000,0.000000000000,0.000000000000,0.000000000000,0.000000000000,0.000000000000,0.000000000000,0.000000000000,0.000000000000,2,2,2,2,0,0,0,0,0,0,0
0.640000000000,4027,5000,50000,64,0.000000000000,1.000000000000,-0.000000000000,0.561467482538,-0.000000000000,0.000000000000,0.561467482610,0.000000000000,-0.561467482538,-0.561467482538,-0.561467482610,-0.561467482610,0.000000000000,0.000000000000,2,40,2,2,0,38,0,0,0,0,0
0.640000000000,4028,5000,50000,64,0.000000000000,1.000000000000,-0.000000000000,0.556226889846,-0.000000000000,0.000000000000,0.556226889911,0.000000000000,-0.556226889846,-0.556226889846,-0.556226889911,-0.556226889911,0.000000000000,0.000000000000,2,38,2,2,0,36,0,0,0,0,0
0.640000000000,4029,5000,50000,64,0.000000000000,1.000000000000,-0.000000000000,-0.000000000000,-0.000000000000,0.000000000000,0.000000000000,0.000000000000,0.000000000000,0.000000000000,0.000000000000,0.000000000000,0.000000000000,0.000000000000,2,2,2,2,0,0,0,0,0,0,0
